Time,R,G,B,X,Y,Z,L,a,b
09:26:40.469,0.004,0.000,0.001,0.000007,0.000004,0.000002,0.009250,0.027833,0.007904
09:26:40.486,0.004,0.000,0.001,0.000008,0.000005,0.000003,0.009880,0.030301,0.007784