time,time_response,value,R,G,B,X,Y,Z,L,a,b
09:50:50.992,-00:00:00.008,-5.16910201343253e-05,71.306,60.45,45.845,0.232542,0.241973,0.204538,57.0923464915254,0.276832847457627,10.2427946610169