time,mean_droplet_volume,std_droplet_volume
11:51:32.981,90.9158967035565,3.19174446003167
11:51:35.151,95.9137233218927,3.97585789223436
11:51:37.154,98.499849015334,1.96256768890277